{
  "$schema": "http://json-schema.org/draft-07/schema",
  "title": "Entry Schema",
  "description": "The schema for entries.",
  "type": "array",
  "items": {
    "$ref": "#/definitions/entry"
  },
  "definitions": {
    "point": {
      "type": "object",
      "properties": {
        "x": {
          "type": "number"
        },
        "y": {
          "type": "number"
        }
      },
      "required": [
        "x",
        "y"
      ]
    },
    "entry": {
      "type": "object",
      "properties": {
        "id": {
          "type": "string"
        },
        "location": {
          "$ref": "#/definitions/point"
        },
        "tags": {
          "type": "array",
          "items": {
            "type": "string"
          }
        }
      },
      "required": [
        "id",
        "location",
        "tags"
      ]
    }
  }
}