{"rtree":{"bottom-left":{"x":0.0,"y":0.0},"upper-right":{"x":9.0,"y":9.0},"children":[{"bottom-left":{"x":0.0,"y":0.0},"upper-right":{"x":1.0,"y":1.0},"children":[{"bottom-left":{"x":1.0,"y":1.0},"upper-right":{"x":1.0,"y":1.0},"children":{"id":"1","location":{"x":1.0,"y":1.0},"tags":[]}},{"bottom-left":{"x":0.0,"y":0.0},"upper-right":{"x":0.0,"y":0.0},"children":{"id":"0","location":{"x":0.0,"y":0.0},"tags":[]}}]},{"bottom-left":{"x":2.0,"y":2.0},"upper-right":{"x":9.0,"y":9.0},"children":[{"bottom-left":{"x":9.0,"y":9.0},"upper-right":{"x":9.0,"y":9.0},"children":{"id":"9","location":{"x":9.0,"y":9.0},"tags":[]}},{"bottom-left":{"x":2.0,"y":2.0},"upper-right":{"x":2.0,"y":2.0},"children":{"id":"2","location":{"x":2.0,"y":2.0},"tags":[]}},{"bottom-left":{"x":3.0,"y":3.0},"upper-right":{"x":3.0,"y":3.0},"children":{"id":"3","location":{"x":3.0,"y":3.0},"tags":[]}},{"bottom-left":{"x":4.0,"y":4.0},"upper-right":{"x":4.0,"y":4.0},"children":{"id":"4","location":{"x":4.0,"y":4.0},"tags":[]}},{"bottom-left":{"x":5.0,"y":5.0},"upper-right":{"x":5.0,"y":5.0},"children":{"id":"5","location":{"x":5.0,"y":5.0},"tags":[]}},{"bottom-left":{"x":6.0,"y":6.0},"upper-right":{"x":6.0,"y":6.0},"children":{"id":"6","location":{"x":6.0,"y":6.0},"tags":[]}},{"bottom-left":{"x":7.0,"y":7.0},"upper-right":{"x":7.0,"y":7.0},"children":{"id":"7","location":{"x":7.0,"y":7.0},"tags":[]}},{"bottom-left":{"x":8.0,"y":8.0},"upper-right":{"x":8.0,"y":8.0},"children":{"id":"8","location":{"x":8.0,"y":8.0},"tags":[]}}]}]}}