{"rtree":{"bottom-left":{"x":0.0,"y":0.0},"upper-right":{"x":9.0,"y":9.0},"children":[{"bottom-left":{"x":3.0,"y":3.0},"upper-right":{"x":9.0,"y":9.0},"children":[{"bottom-left":{"x":3.0,"y":3.0},"upper-right":{"x":3.0,"y":3.0},"children":null},{"bottom-left":{"x":4.0,"y":4.0},"upper-right":{"x":4.0,"y":4.0},"children":null},{"bottom-left":{"x":5.0,"y":5.0},"upper-right":{"x":5.0,"y":5.0},"children":null},{"bottom-left":{"x":6.0,"y":6.0},"upper-right":{"x":6.0,"y":6.0},"children":null},{"bottom-left":{"x":7.0,"y":7.0},"upper-right":{"x":7.0,"y":7.0},"children":null},{"bottom-left":{"x":8.0,"y":8.0},"upper-right":{"x":8.0,"y":8.0},"children":null},{"bottom-left":{"x":9.0,"y":9.0},"upper-right":{"x":9.0,"y":9.0},"children":null}]},{"bottom-left":{"x":0.0,"y":0.0},"upper-right":{"x":0.0,"y":0.0},"children":[{"bottom-left":{"x":0.0,"y":0.0},"upper-right":{"x":0.0,"y":0.0},"children":null},{"bottom-left":{"x":0.0,"y":0.0},"upper-right":{"x":0.0,"y":0.0},"children":null}]},{"bottom-left":{"x":1.0,"y":1.0},"upper-right":{"x":2.0,"y":2.0},"children":[{"bottom-left":{"x":2.0,"y":2.0},"upper-right":{"x":2.0,"y":2.0},"children":null},{"bottom-left":{"x":1.0,"y":1.0},"upper-right":{"x":1.0,"y":1.0},"children":null}]}]}}