{
  "rtree": {
    "bottom-left": {
      "x": -44.394663,
      "y": -89.8052964
    },
    "upper-right": {
      "x": 55.7382444,
      "y": 171.256569
    },
    "children": [{
      "bottom-left": {
        "x": -7.7519029,
        "y": 81.67793690000001
      },
      "upper-right": {
        "x": 35.86166,
        "y": 124.2636184
      },
      "children": [{
        "bottom-left": {
          "x": 35.86166,
          "y": 104.195397
        },
        "upper-right": {
          "x": 35.86166,
          "y": 104.195397
        },
        "children": null
      }, {
        "bottom-left": {
          "x": 7.2863231,
          "y": 81.67793690000001
        },
        "upper-right": {
          "x": 7.2863231,
          "y": 81.67793690000001
        },
        "children": null
      }, {
        "bottom-left": {
          "x": -1.445213,
          "y": 100.630898
        },
        "upper-right": {
          "x": -1.445213,
          "y": 100.630898
        },
        "children": null
      }, {
        "bottom-left": {
          "x": -7.7519029,
          "y": 110.7077766
        },
        "upper-right": {
          "x": -7.7519029,
          "y": 110.7077766
        },
        "children": null
      }, {
        "bottom-left": {
          "x": 22.923431,
          "y": 112.732632
        },
        "upper-right": {
          "x": 22.923431,
          "y": 112.732632
        },
        "children": null
      }, {
        "bottom-left": {
          "x": 16.802718,
          "y": 120.401159
        },
        "upper-right": {
          "x": 16.802718,
          "y": 120.401159
        },
        "children": null
      }, {
        "bottom-left": {
          "x": 14.5719534,
          "y": 121.0344899
        },
        "upper-right": {
          "x": 14.5719534,
          "y": 121.0344899
        },
        "children": null
      }, {
        "bottom-left": {
          "x": 12.4226795,
          "y": 124.2636184
        },
        "upper-right": {
          "x": 12.4226795,
          "y": 124.2636184
        },
        "children": null
      }]
    }, {
      "bottom-left": {
        "x": 32.99095,
        "y": 26.0266362
      },
      "upper-right": {
        "x": 55.7382444,
        "y": 116.4041472
      },
      "children": [{
        "bottom-left": {
          "x": 32.99095,
          "y": 100.0703
        },
        "upper-right": {
          "x": 32.99095,
          "y": 100.0703
        },
        "children": null
      }, {
        "bottom-left": {
          "x": 44.8307966,
          "y": 37.5521227
        },
        "upper-right": {
          "x": 44.8307966,
          "y": 37.5521227
        },
        "children": null
      }, {
        "bottom-left": {
          "x": 38.243169,
          "y": 101.984648
        },
        "upper-right": {
          "x": 38.243169,
          "y": 101.984648
        },
        "children": null
      }, {
        "bottom-left": {
          "x": 39.9666494,
          "y": 116.4041472
        },
        "upper-right": {
          "x": 39.9666494,
          "y": 116.4041472
        },
        "children": null
      }, {
        "bottom-left": {
          "x": 50.7241261,
          "y": 26.0266362
        },
        "upper-right": {
          "x": 50.7241261,
          "y": 26.0266362
        },
        "children": null
      }, {
        "bottom-left": {
          "x": 55.7382444,
          "y": 37.6148
        },
        "upper-right": {
          "x": 55.7382444,
          "y": 37.6148
        },
        "children": null
      }]
    }, {
      "bottom-left": {
        "x": 26.132433,
        "y": -81.7951054
      },
      "upper-right": {
        "x": 49.871007,
        "y": 112.551851
      },
      "children": [{
        "bottom-left": {
          "x": 49.871007,
          "y": 17.8758236
        },
        "upper-right": {
          "x": 49.871007,
          "y": 17.8758236
        },
        "children": null
      }, {
        "bottom-left": {
          "x": 45.4744072,
          "y": 39.8789122
        },
        "upper-right": {
          "x": 45.4744072,
          "y": 39.8789122
        },
        "children": null
      }, {
        "bottom-left": {
          "x": 45.2581286,
          "y": 17.8291657
        },
        "upper-right": {
          "x": 45.2581286,
          "y": 17.8291657
        },
        "children": null
      }, {
        "bottom-left": {
          "x": 43.968465,
          "y": 15.4077563
        },
        "upper-right": {
          "x": 43.968465,
          "y": 15.4077563
        },
        "children": null
      }, {
        "bottom-left": {
          "x": 31.848896,
          "y": 35.159029
        },
        "upper-right": {
          "x": 31.848896,
          "y": 35.159029
        },
        "children": null
      }, {
        "bottom-left": {
          "x": 29.534969,
          "y": 112.551851
        },
        "upper-right": {
          "x": 29.534969,
          "y": 112.551851
        },
        "children": null
      }, {
        "bottom-left": {
          "x": 26.132433,
          "y": -81.7951054
        },
        "upper-right": {
          "x": 26.132433,
          "y": -81.7951054
        },
        "children": null
      }]
    }, {
      "bottom-left": {
        "x": -30.1647807,
        "y": -53.5608275
      },
      "upper-right": {
        "x": 52.86326,
        "y": 2.6986517
      },
      "children": [{
        "bottom-left": {
          "x": 48.9648089,
          "y": 2.6986517
        },
        "upper-right": {
          "x": 48.9648089,
          "y": 2.6986517
        },
        "children": null
      }, {
        "bottom-left": {
          "x": 52.176031,
          "y": -6.5899765
        },
        "upper-right": {
          "x": 52.176031,
          "y": -6.5899765
        },
        "children": null
      }, {
        "bottom-left": {
          "x": 52.86326,
          "y": -8.2001004
        },
        "upper-right": {
          "x": 52.86326,
          "y": -8.2001004
        },
        "children": null
      }, {
        "bottom-left": {
          "x": 41.80088,
          "y": -8.8458421
        },
        "upper-right": {
          "x": 41.80088,
          "y": -8.8458421
        },
        "children": null
      }, {
        "bottom-left": {
          "x": -30.1647807,
          "y": -53.5608275
        },
        "upper-right": {
          "x": -30.1647807,
          "y": -53.5608275
        },
        "children": null
      }]
    }, {
      "bottom-left": {
        "x": -31.476524,
        "y": -64.2257559
      },
      "upper-right": {
        "x": 0.2827307,
        "y": 34.7518631
      },
      "children": [{
        "bottom-left": {
          "x": -31.476524,
          "y": -64.2257559
        },
        "upper-right": {
          "x": -31.476524,
          "y": -64.2257559
        },
        "children": null
      }, {
        "bottom-left": {
          "x": 0.2827307,
          "y": 34.7518631
        },
        "upper-right": {
          "x": 0.2827307,
          "y": 34.7518631
        },
        "children": null
      }, {
        "bottom-left": {
          "x": -6.1373578,
          "y": 24.4886232
        },
        "upper-right": {
          "x": -6.1373578,
          "y": 24.4886232
        },
        "children": null
      }]
    }, {
      "bottom-left": {
        "x": -8.267200000000001,
        "y": 4.9052738
      },
      "upper-right": {
        "x": 43.9763746,
        "y": 126.8320201
      },
      "children": [{
        "bottom-left": {
          "x": -7.340531,
          "y": 112.7077638
        },
        "upper-right": {
          "x": -7.340531,
          "y": 112.7077638
        },
        "children": null
      }, {
        "bottom-left": {
          "x": 37.6583599,
          "y": 126.8320201
        },
        "upper-right": {
          "x": 37.6583599,
          "y": 126.8320201
        },
        "children": null
      }, {
        "bottom-left": {
          "x": 43.9763746,
          "y": 4.9052738
        },
        "upper-right": {
          "x": 43.9763746,
          "y": 4.9052738
        },
        "children": null
      }, {
        "bottom-left": {
          "x": 39.7199484,
          "y": 64.53849080000001
        },
        "upper-right": {
          "x": 39.7199484,
          "y": 64.53849080000001
        },
        "children": null
      }, {
        "bottom-left": {
          "x": 31.364902,
          "y": 108.249509
        },
        "upper-right": {
          "x": 31.364902,
          "y": 108.249509
        },
        "children": null
      }, {
        "bottom-left": {
          "x": -8.267200000000001,
          "y": 113.7496
        },
        "upper-right": {
          "x": -8.267200000000001,
          "y": 113.7496
        },
        "children": null
      }, {
        "bottom-left": {
          "x": 9.9518,
          "y": 123.9622
        },
        "upper-right": {
          "x": 9.9518,
          "y": 123.9622
        },
        "children": null
      }]
    }, {
      "bottom-left": {
        "x": -44.394663,
        "y": -57.5552203
      },
      "upper-right": {
        "x": 36.973912,
        "y": 171.256569
      },
      "children": [{
        "bottom-left": {
          "x": 36.973912,
          "y": 121.793839
        },
        "upper-right": {
          "x": 36.973912,
          "y": 121.793839
        },
        "children": null
      }, {
        "bottom-left": {
          "x": 27.718295,
          "y": 119.394148
        },
        "upper-right": {
          "x": 27.718295,
          "y": 119.394148
        },
        "children": null
      }, {
        "bottom-left": {
          "x": 16.90641,
          "y": 44.27622
        },
        "upper-right": {
          "x": 16.90641,
          "y": 44.27622
        },
        "children": null
      }, {
        "bottom-left": {
          "x": 14.565668,
          "y": 121.0317737
        },
        "upper-right": {
          "x": 14.565668,
          "y": 121.0317737
        },
        "children": null
      }, {
        "bottom-left": {
          "x": -6.4306844,
          "y": 106.7175669
        },
        "upper-right": {
          "x": -6.4306844,
          "y": 106.7175669
        },
        "children": null
      }, {
        "bottom-left": {
          "x": -37.9361202,
          "y": -57.5552203
        },
        "upper-right": {
          "x": -37.9361202,
          "y": -57.5552203
        },
        "children": null
      }, {
        "bottom-left": {
          "x": -44.394663,
          "y": 171.256569
        },
        "upper-right": {
          "x": -44.394663,
          "y": 171.256569
        },
        "children": null
      }]
    }, {
      "bottom-left": {
        "x": 5.0071513,
        "y": -89.8052964
      },
      "upper-right": {
        "x": 34.035771,
        "y": 125.1001641
      },
      "children": [{
        "bottom-left": {
          "x": 34.035771,
          "y": 113.852454
        },
        "upper-right": {
          "x": 34.035771,
          "y": 113.852454
        },
        "children": null
      }, {
        "bottom-left": {
          "x": 7.7299001,
          "y": 125.1001641
        },
        "upper-right": {
          "x": 7.7299001,
          "y": 125.1001641
        },
        "children": null
      }, {
        "bottom-left": {
          "x": 7.6182738,
          "y": 100.3048897
        },
        "upper-right": {
          "x": 7.6182738,
          "y": 100.3048897
        },
        "children": null
      }, {
        "bottom-left": {
          "x": 25.748008,
          "y": 104.518068
        },
        "upper-right": {
          "x": 25.748008,
          "y": 104.518068
        },
        "children": null
      }, {
        "bottom-left": {
          "x": 13.3601931,
          "y": 99.91298449999999
        },
        "upper-right": {
          "x": 13.3601931,
          "y": 99.91298449999999
        },
        "children": null
      }, {
        "bottom-left": {
          "x": 5.0071513,
          "y": -72.5441445
        },
        "upper-right": {
          "x": 5.0071513,
          "y": -72.5441445
        },
        "children": null
      }, {
        "bottom-left": {
          "x": 15.6147646,
          "y": -89.8052964
        },
        "upper-right": {
          "x": 15.6147646,
          "y": -89.8052964
        },
        "children": null
      }]
    }]
  }
}