{
  "$schema": "http://json-schema.org/draft-07/schema",
  "title": "R Tree Schema",
  "description": "The schema for R Trees.",
  "definitions": {
    "point": {
      "type": "object",
      "properties": {
        "x": {
          "type": "number"
        },
        "y": {
          "type": "number"
        }
      },
      "required": [
        "x",
        "y"
      ]
    },
    "entry": {
      "type": "object",
      "properties": {
        "id": {
          "type": "string"
        },
        "location": {
          "$ref": "#/definitions/point"
        },
        "tags": {
          "type": "array",
          "items": {
            "type": "string"
          }
        }
      },
      "required": [
        "id",
        "location",
        "tags"
      ]
    },
    "box": {
      "type": "object",
      "properties": {
        "bottom-left": {
          "$ref": "#/definitions/point"
        },
        "upper-right": {
          "$ref": "#/definitions/point"
        },
        "children": {
          "type": "array",
          "items": {
            "anyOf": [
              {
                "$ref": "#/definitions/box"
              },
              {
                "$ref": "#/definitions/entry"
              }
            ]
          },
          "default": []
        }
      },
      "required": [
        "bottom-left",
        "upper-right",
        "children"
      ]
    }
  },
  "type": "object",
  "properties": {
    "rtree": {
      "anyOf": [
        {
          "$ref": "#/definitions/box"
        },
        {
          "type": "array",
          "items": {
            "$ref": "#/definitions/point"
          }
        },
        {
          "type": "null"
        }
      ]
    }
  }
}